epoch,time,train/box_loss,train/seg_loss,train/cls_loss,train/dfl_loss,metrics/precision(B),metrics/recall(B),metrics/mAP50(B),metrics/mAP50-95(B),metrics/precision(M),metrics/recall(M),metrics/mAP50(M),metrics/mAP50-95(M),val/box_loss,val/seg_loss,val/cls_loss,val/dfl_loss,lr/pg0,lr/pg1,lr/pg2
1,11.361,2.40176,4.33882,4.48146,1.93019,0.6969,0.2467,0.20329,0.12005,0.69423,0.24334,0.20424,0.11193,1.5752,2.46676,2.9173,1.24796,0.0001,0.0001,0.0001
2,14.7598,1.39287,2.25074,1.82583,1.19499,0.45362,0.33349,0.32379,0.22343,0.4561,0.34251,0.32728,0.20219,1.15549,2.57024,5.07259,1.13318,0.000211448,0.000211448,0.000211448
3,18.3017,1.17108,1.85765,1.30809,1.08764,0.56803,0.55744,0.53954,0.38805,0.56957,0.55929,0.54006,0.35851,1.2697,2.67158,2.08936,1.15807,0.000321783,0.000321783,0.000321783
4,21.864,1.14062,1.75741,1.19655,1.0739,0.30105,0.49391,0.30699,0.21197,0.29835,0.46653,0.3044,0.1904,1.11901,2.67953,11.2893,1.11103,0.000431003,0.000431003,0.000431003
5,25.0978,1.1035,1.75411,1.14437,1.06603,0.44605,0.65396,0.58353,0.37825,0.79248,0.47124,0.56077,0.29109,1.38704,3.5191,1.38843,1.25522,0.00053911,0.00053911,0.00053911
6,28.2658,1.1138,1.78038,1.09933,1.0796,0.49781,0.44077,0.55842,0.41121,0.49781,0.44077,0.55191,0.33882,1.30653,2.82185,2.22635,1.18549,0.000646103,0.000646103,0.000646103
7,31.6198,1.05086,1.6401,1.02048,1.05929,0.30868,0.54818,0.4849,0.31084,0.32998,0.54841,0.48602,0.27332,1.42071,3.36211,1.90008,1.25571,0.000751982,0.000751982,0.000751982
8,34.8602,1.17613,1.75504,1.08456,1.10261,0.55255,0.59197,0.56848,0.38793,0.54974,0.53827,0.55963,0.31824,1.21373,3.34433,3.71659,1.21594,0.000856748,0.000856748,0.000856748
9,38.0098,1.19714,1.75604,1.08566,1.08359,0.40146,0.56277,0.5721,0.36565,0.36452,0.66698,0.56166,0.34668,1.30365,2.65005,2.42026,1.23157,0.0009604,0.0009604,0.0009604
10,41.0835,1.14563,1.73931,0.98389,1.06999,0.28778,0.49382,0.37283,0.24885,0.28554,0.49197,0.36511,0.21723,1.20985,3.48028,2.54839,1.21342,0.00106294,0.00106294,0.00106294
11,44.1757,1.13222,1.73959,0.95851,1.06079,0.37762,0.55888,0.38574,0.22203,0.55273,0.37762,0.32601,0.19744,1.31736,3.6134,2.07063,1.31428,0.00116436,0.00116436,0.00116436
12,47.3005,1.15165,1.78245,0.97958,1.07725,0.4484,0.53437,0.50145,0.3282,0.41285,0.48437,0.48056,0.30305,1.30271,2.79638,2.46155,1.27532,0.00118194,0.00118194,0.00118194
13,50.4207,1.08687,1.62394,0.92368,1.04945,0.4615,0.51662,0.54283,0.37445,0.45049,0.51803,0.5279,0.34438,1.30149,2.68726,2.27259,1.22024,0.00117575,0.00117575,0.00117575
14,53.4907,1.06671,1.70039,0.91475,1.06379,0.51804,0.56144,0.57074,0.3694,0.44931,0.60568,0.57526,0.3698,1.20845,2.397,1.43731,1.25724,0.00116956,0.00116956,0.00116956
15,56.5306,1.07508,1.64013,0.96889,1.06589,0.47788,0.56205,0.52733,0.35307,0.47788,0.56205,0.52651,0.3173,1.19182,2.30476,1.65309,1.1954,0.00116337,0.00116337,0.00116337
16,59.6934,1.07232,1.60163,0.94203,1.03803,0.49024,0.57894,0.53507,0.35678,0.49173,0.5808,0.53849,0.35013,1.23989,2.16559,1.57604,1.21736,0.00115719,0.00115719,0.00115719
17,62.8403,1.06587,1.54669,0.89897,1.05974,0.72174,0.58406,0.58326,0.41946,0.71874,0.58406,0.58169,0.38535,1.16146,2.23913,1.99407,1.16085,0.001151,0.001151,0.001151
18,66.2169,0.99286,1.48702,0.85052,1.02728,0.83106,0.59651,0.62946,0.44704,0.829,0.59466,0.62374,0.43813,1.17488,2.22554,1.42988,1.19168,0.00114481,0.00114481,0.00114481
19,69.5063,1.02641,1.51097,0.87016,1.03761,0.51844,0.70706,0.62389,0.47142,0.51179,0.65237,0.61752,0.41687,1.12568,2.31384,1.50041,1.13675,0.00113863,0.00113863,0.00113863
20,72.8532,0.97422,1.52934,0.82445,1.01275,0.84598,0.5521,0.63758,0.46018,0.84598,0.5521,0.63515,0.40812,1.11881,2.58315,1.495,1.13488,0.00113244,0.00113244,0.00113244
21,75.9135,0.981,1.45334,0.79703,0.99963,0.69868,0.59887,0.55832,0.37743,0.70448,0.60443,0.56417,0.38719,1.22492,2.53978,2.50995,1.1546,0.00112625,0.00112625,0.00112625
22,78.9979,0.96086,1.45879,0.8118,1.01357,0.50438,0.69799,0.66738,0.48615,0.54097,0.61753,0.65341,0.43906,1.06911,2.38323,1.54057,1.12893,0.00112006,0.00112006,0.00112006
23,82.3563,0.94183,1.43244,0.77892,0.99767,0.61987,0.65909,0.67564,0.4906,0.61987,0.65909,0.68375,0.46102,1.15257,2.14947,1.45914,1.1909,0.00111388,0.00111388,0.00111388
24,85.663,0.95516,1.43657,0.7818,0.998,0.92689,0.59891,0.67521,0.51025,0.92656,0.60135,0.67642,0.46266,1.11755,2.03343,1.02178,1.1587,0.00110769,0.00110769,0.00110769
25,88.8908,0.95761,1.42729,0.77916,1.01919,0.61124,0.66554,0.66314,0.49767,0.61124,0.66554,0.66211,0.4416,1.07258,2.03328,1.0229,1.13607,0.0011015,0.0011015,0.0011015
26,91.9417,0.91172,1.3726,0.78292,0.98525,0.57006,0.66661,0.6682,0.48214,0.57416,0.67017,0.67289,0.4615,1.159,2.11484,1.23978,1.15734,0.00109531,0.00109531,0.00109531
27,95.0027,0.94768,1.40642,0.74058,0.98869,0.73915,0.70121,0.68515,0.4859,0.77085,0.69925,0.72665,0.4652,1.10956,2.20916,1.10288,1.13332,0.00108913,0.00108913,0.00108913
28,98.1342,0.95902,1.41254,0.75545,0.99862,0.88065,0.63426,0.66569,0.44217,0.88365,0.63507,0.66007,0.45764,1.28466,2.15825,1.29906,1.20772,0.00108294,0.00108294,0.00108294
29,101.193,0.90724,1.31714,0.71685,0.9805,0.8899,0.62054,0.69887,0.52635,0.89074,0.61948,0.69704,0.4816,1.03595,2.03572,0.90871,1.09177,0.00107675,0.00107675,0.00107675
30,104.394,0.89774,1.32328,0.71665,0.9667,0.79926,0.67345,0.75354,0.51404,0.79621,0.66904,0.72915,0.49254,1.1277,2.03697,0.99823,1.10448,0.00107056,0.00107056,0.00107056
31,107.609,0.86112,1.3082,0.71637,0.96492,0.52157,0.70897,0.66278,0.47486,0.52288,0.70897,0.66467,0.44627,1.12906,2.08912,1.49306,1.15752,0.00106437,0.00106437,0.00106437
32,110.741,0.85254,1.31909,0.7007,0.96922,0.87738,0.53897,0.67769,0.4742,0.85458,0.50326,0.64709,0.44261,1.08424,1.95291,1.02785,1.11376,0.00105819,0.00105819,0.00105819
33,113.812,0.91129,1.38568,0.71138,0.9733,0.63687,0.4983,0.63518,0.46443,0.70598,0.54979,0.64469,0.43649,1.09349,2.00881,1.24178,1.12139,0.001052,0.001052,0.001052
34,116.898,0.89846,1.3705,0.72035,0.97519,0.52459,0.45996,0.60353,0.42088,0.52459,0.45996,0.60438,0.42224,1.09188,1.98937,1.58353,1.10824,0.00104581,0.00104581,0.00104581
35,119.952,0.90215,1.34001,0.71186,0.97906,0.82693,0.63084,0.69178,0.47759,0.8233,0.62713,0.69006,0.46043,1.14031,2.23415,1.05436,1.13143,0.00103962,0.00103962,0.00103962
36,123.099,0.85564,1.27743,0.66772,0.96298,0.95443,0.62498,0.70963,0.53102,0.67144,0.71415,0.70718,0.48555,1.11679,2.03105,0.92318,1.1193,0.00103344,0.00103344,0.00103344
37,126.436,0.84294,1.24915,0.64756,0.95408,0.68873,0.64405,0.70379,0.50159,0.68873,0.64405,0.70207,0.49566,1.0503,1.89101,0.86581,1.10997,0.00102725,0.00102725,0.00102725
38,129.47,0.8498,1.24769,0.64476,0.95741,0.67316,0.68781,0.71448,0.50837,0.67479,0.68967,0.71387,0.47156,1.0961,2.0584,0.87053,1.10377,0.00102106,0.00102106,0.00102106
39,132.54,0.84075,1.26449,0.6389,0.97192,0.67002,0.79506,0.7251,0.51205,0.67002,0.79506,0.72251,0.48498,1.08534,1.91209,0.87009,1.10866,0.00101488,0.00101488,0.00101488
40,135.687,0.80078,1.17714,0.61113,0.94013,0.61149,0.72689,0.69553,0.54333,0.61271,0.72874,0.69607,0.5041,0.9881,1.90123,0.9422,1.08336,0.00100869,0.00100869,0.00100869
41,139.011,0.82802,1.2188,0.62505,0.9478,0.554,0.68174,0.66756,0.50564,0.64797,0.7149,0.69892,0.46169,1.05241,2.17743,1.02281,1.105,0.0010025,0.0010025,0.0010025
42,142.079,0.78653,1.17073,0.5847,0.91977,0.61915,0.62939,0.68011,0.50692,0.67179,0.68688,0.70327,0.4518,1.16556,2.39318,0.94543,1.15499,0.000996313,0.000996313,0.000996313
43,145.124,0.78329,1.19222,0.57509,0.92968,0.61568,0.73752,0.69658,0.52007,0.62083,0.74493,0.71455,0.47877,1.1193,2.03966,0.95305,1.15643,0.000990125,0.000990125,0.000990125
44,148.202,0.83127,1.22682,0.58085,0.94467,0.6087,0.73913,0.63881,0.45499,0.61116,0.74469,0.66797,0.4458,1.08197,2.05098,1.01892,1.13679,0.000983938,0.000983938,0.000983938
45,151.23,0.80211,1.18946,0.58165,0.93569,0.56984,0.65837,0.66123,0.48082,0.6116,0.74483,0.67218,0.44742,1.09362,2.04107,1.09642,1.13229,0.00097775,0.00097775,0.00097775
46,154.233,0.8298,1.23781,0.59537,0.94956,0.59145,0.63587,0.66104,0.46691,0.58846,0.63248,0.64855,0.4364,1.241,2.29987,1.12853,1.18329,0.000971562,0.000971562,0.000971562
47,157.336,0.81388,1.29612,0.59854,0.95355,0.66263,0.70818,0.68257,0.48971,0.75833,0.66924,0.72349,0.47011,1.09159,1.98776,1.02446,1.13375,0.000965375,0.000965375,0.000965375
48,160.388,0.79873,1.25453,0.58693,0.938,0.55459,0.79164,0.65888,0.45685,0.82595,0.65764,0.69536,0.41983,1.23738,2.22936,1.56913,1.20051,0.000959187,0.000959187,0.000959187
49,163.435,0.79049,1.2094,0.58339,0.93568,0.61464,0.69283,0.68974,0.49229,0.61464,0.69283,0.69871,0.46135,1.11506,2.08359,1.13927,1.14391,0.000953,0.000953,0.000953
50,166.502,0.79438,1.18637,0.57557,0.92056,0.80975,0.61393,0.59748,0.44245,0.81107,0.61578,0.60584,0.40216,1.16738,2.29357,1.36812,1.16364,0.000946812,0.000946812,0.000946812
51,169.557,0.74824,1.12776,0.55897,0.92946,0.57405,0.658,0.68842,0.4807,0.57452,0.66141,0.6783,0.47479,1.13473,2.20837,1.35452,1.15079,0.000940625,0.000940625,0.000940625
52,172.695,0.76209,1.12238,0.55396,0.91794,0.7193,0.69493,0.69524,0.50318,0.83859,0.7445,0.76707,0.49102,1.16378,2.03998,0.93879,1.16672,0.000934438,0.000934438,0.000934438
53,175.727,0.78517,1.12599,0.56142,0.92597,0.80067,0.78224,0.74569,0.48862,0.7622,0.72882,0.70039,0.47436,1.22492,1.98423,1.02054,1.20669,0.00092825,0.00092825,0.00092825
54,178.755,0.76053,1.12594,0.54853,0.92655,0.67342,0.70987,0.69531,0.51195,0.67342,0.70987,0.7027,0.46932,1.13943,1.93127,0.97089,1.15879,0.000922063,0.000922063,0.000922063
55,181.797,0.75373,1.13363,0.52758,0.91054,0.68737,0.76111,0.72101,0.53039,0.64596,0.71135,0.69801,0.50207,1.11486,1.82925,0.82872,1.139,0.000915875,0.000915875,0.000915875
56,184.913,0.71262,1.05965,0.50065,0.90575,0.71565,0.77355,0.76925,0.55083,0.65492,0.72386,0.70278,0.49644,1.02128,1.93805,0.81647,1.1053,0.000909688,0.000909688,0.000909688
57,188.24,0.73362,1.13329,0.53783,0.91826,0.73508,0.76323,0.74608,0.53637,0.73306,0.76138,0.74378,0.48214,1.04312,1.92567,0.86184,1.08891,0.0009035,0.0009035,0.0009035
58,191.311,0.73159,1.10959,0.52902,0.90843,0.68822,0.71391,0.70752,0.53288,0.68871,0.71456,0.70353,0.46864,1.08372,2.13538,0.91432,1.09893,0.000897313,0.000897313,0.000897313
59,194.377,0.75888,1.13973,0.54209,0.92147,0.57528,0.76506,0.7118,0.5289,0.57812,0.76876,0.71407,0.49408,1.03868,1.99804,0.95287,1.10543,0.000891125,0.000891125,0.000891125
60,197.519,0.75579,1.16942,0.52347,0.91579,0.79656,0.73267,0.75675,0.55766,0.79656,0.73267,0.75732,0.49803,1.00635,1.98948,0.88522,1.07898,0.000884938,0.000884938,0.000884938
61,200.812,0.7292,1.11386,0.52211,0.91116,0.79619,0.70378,0.75778,0.53373,0.73661,0.65378,0.7249,0.48271,1.08266,1.98907,0.90022,1.10108,0.00087875,0.00087875,0.00087875
62,203.865,0.75342,1.12364,0.5204,0.91516,0.67863,0.69827,0.70786,0.52494,0.66666,0.60354,0.67716,0.47385,1.11166,1.93,0.9278,1.11891,0.000872563,0.000872563,0.000872563
63,206.909,0.74982,1.12446,0.51321,0.91217,0.69723,0.68867,0.67247,0.51023,0.62773,0.63155,0.65988,0.48014,1.04653,1.90428,0.98842,1.10723,0.000866375,0.000866375,0.000866375
64,210.014,0.73997,1.0935,0.51252,0.91555,0.75186,0.70857,0.70993,0.52915,0.64539,0.66609,0.68994,0.45274,1.03895,2.03539,0.89482,1.13814,0.000860188,0.000860188,0.000860188
65,213.047,0.72445,1.05937,0.50099,0.9104,0.73493,0.72196,0.70643,0.518,0.73954,0.72751,0.71948,0.4623,1.02457,2.04412,0.87267,1.09772,0.000854,0.000854,0.000854
66,216.209,0.68782,1.01604,0.50516,0.8958,0.74265,0.78406,0.74397,0.51892,0.57455,0.77869,0.69682,0.47123,1.11481,2.01649,0.97873,1.13251,0.000847813,0.000847813,0.000847813
67,219.263,0.73722,1.05003,0.51581,0.91145,0.78029,0.78011,0.74336,0.5499,0.78145,0.78196,0.76152,0.47637,1.02238,2.09259,0.80708,1.10115,0.000841625,0.000841625,0.000841625
68,222.322,0.75447,1.07687,0.52306,0.91504,0.73903,0.73113,0.73293,0.5356,0.67665,0.6564,0.73018,0.48215,1.02525,2.13757,0.84464,1.08984,0.000835438,0.000835438,0.000835438
69,225.332,0.68418,0.99822,0.47953,0.89658,0.63466,0.65681,0.68907,0.51996,0.5863,0.79863,0.7134,0.47295,1.09339,2.26111,1.03911,1.12557,0.00082925,0.00082925,0.00082925
70,228.375,0.6805,1.00688,0.47514,0.89773,0.5862,0.74561,0.6817,0.51316,0.60963,0.79709,0.69163,0.46511,1.07003,2.3478,0.93497,1.13041,0.000823063,0.000823063,0.000823063
71,231.459,0.68697,1.00128,0.47699,0.89192,0.61185,0.69775,0.66618,0.48483,0.68676,0.68168,0.67945,0.47117,1.10929,2.22802,1.0178,1.1322,0.000816875,0.000816875,0.000816875
72,234.564,0.7037,1.01018,0.49164,0.89259,0.68533,0.6944,0.72691,0.54382,0.69005,0.69995,0.73962,0.47181,1.01005,2.12573,0.89921,1.09495,0.000810688,0.000810688,0.000810688
73,237.578,0.69848,1.0167,0.4787,0.90581,0.70936,0.69822,0.75041,0.55211,0.63845,0.84122,0.76336,0.49465,1.02264,2.05198,0.8432,1.10587,0.0008045,0.0008045,0.0008045
74,240.63,0.64129,0.95637,0.43938,0.87904,0.75685,0.74664,0.76888,0.53793,0.76017,0.75034,0.76587,0.50169,1.08738,1.89579,0.86851,1.1306,0.000798313,0.000798313,0.000798313
75,243.695,0.6367,0.99506,0.44682,0.88767,0.69921,0.76208,0.72489,0.5455,0.67689,0.71208,0.7136,0.49334,1.01049,1.92502,0.89791,1.11234,0.000792125,0.000792125,0.000792125
76,246.805,0.65029,0.99665,0.4338,0.88212,0.73401,0.69205,0.72158,0.55721,0.73586,0.6939,0.73378,0.49458,0.99348,2.02622,0.86392,1.11009,0.000785938,0.000785938,0.000785938
77,250.154,0.64046,1.00764,0.45388,0.87742,0.78005,0.74357,0.77735,0.56248,0.78166,0.74543,0.77769,0.51247,1.03423,2.06585,0.91108,1.11313,0.00077975,0.00077975,0.00077975
78,253.39,0.63383,0.96334,0.44305,0.87714,0.71085,0.68772,0.7364,0.51857,0.78111,0.73099,0.74884,0.46422,1.0518,2.41931,1.0483,1.109,0.000773563,0.000773563,0.000773563
79,256.511,0.64572,0.9683,0.44757,0.87734,0.74685,0.6676,0.71362,0.49742,0.82814,0.71217,0.76216,0.46786,1.07075,2.27733,0.98357,1.12506,0.000767375,0.000767375,0.000767375
80,259.692,0.66231,0.98693,0.46018,0.88256,0.67505,0.76497,0.71318,0.52247,0.77173,0.75383,0.7596,0.48726,1.02899,2.39949,0.99426,1.11948,0.000761188,0.000761188,0.000761188
81,262.81,0.6589,1.02057,0.4626,0.87846,0.54286,0.79678,0.68594,0.51431,0.57404,0.72758,0.68681,0.46148,0.99878,2.28494,1.05213,1.09958,0.000755,0.000755,0.000755
82,265.899,0.65126,1.04724,0.46258,0.88198,0.62104,0.78377,0.69964,0.51797,0.61945,0.78191,0.70336,0.47638,1.04968,1.97935,0.90475,1.11289,0.000748813,0.000748813,0.000748813
83,268.981,0.67396,0.99443,0.46016,0.88022,0.74948,0.75419,0.72397,0.54558,0.76448,0.75363,0.76011,0.50225,1.06915,1.99262,0.89351,1.11448,0.000742625,0.000742625,0.000742625
84,272.112,0.66965,1.01427,0.44823,0.87407,0.63605,0.83765,0.73294,0.52723,0.63624,0.83761,0.73203,0.47574,1.07661,2.17179,0.99939,1.1437,0.000736438,0.000736438,0.000736438
85,275.198,0.64583,0.99168,0.45502,0.88219,0.67633,0.819,0.74125,0.55401,0.67733,0.82037,0.74366,0.49743,1.0961,2.02065,0.90829,1.15255,0.00073025,0.00073025,0.00073025
86,278.317,0.64405,0.96352,0.43684,0.87918,0.83537,0.79005,0.78903,0.57297,0.83608,0.78572,0.79343,0.51566,1.02849,1.96315,0.84198,1.12757,0.000724062,0.000724062,0.000724062
87,281.54,0.62698,0.93494,0.43734,0.86812,0.89576,0.74477,0.79127,0.56124,0.74901,0.70026,0.71179,0.48944,1.08334,2.02439,0.86849,1.16763,0.000717875,0.000717875,0.000717875
88,284.622,0.62395,0.96992,0.43188,0.87763,0.63497,0.82134,0.74135,0.5445,0.63627,0.82319,0.74342,0.48555,1.10105,2.24046,1.101,1.16115,0.000711687,0.000711687,0.000711687
89,287.642,0.63713,0.97357,0.44004,0.87803,0.61634,0.79029,0.70893,0.54336,0.67197,0.84357,0.75495,0.4841,1.02045,2.1892,1.00859,1.12589,0.0007055,0.0007055,0.0007055
90,290.732,0.64593,1.02338,0.45747,0.89004,0.65706,0.78448,0.72778,0.54151,0.71921,0.75812,0.76009,0.47048,1.08203,2.28177,0.9558,1.15975,0.000699312,0.000699312,0.000699312
91,293.821,0.61779,0.96054,0.42775,0.87344,0.69956,0.75628,0.74388,0.54885,0.69956,0.75628,0.76699,0.48126,1.0538,2.13505,0.88641,1.14876,0.000693125,0.000693125,0.000693125
92,296.939,0.61095,0.93705,0.42327,0.88247,0.80075,0.79627,0.78761,0.57147,0.80473,0.79997,0.79118,0.5089,1.0587,2.13416,0.87888,1.1491,0.000686937,0.000686937,0.000686937
93,299.966,0.59033,0.92028,0.40763,0.86695,0.77764,0.79147,0.77094,0.558,0.78333,0.79332,0.77117,0.49494,1.03048,2.02785,0.97152,1.12262,0.00068075,0.00068075,0.00068075
94,303.041,0.57997,0.89944,0.40739,0.86277,0.74592,0.81329,0.78984,0.59542,0.74762,0.81514,0.79063,0.54792,1.01804,2.01153,0.88913,1.13303,0.000674562,0.000674562,0.000674562
95,306.332,0.60182,0.9161,0.40785,0.86977,0.81384,0.73881,0.76302,0.56037,0.81384,0.73881,0.7635,0.51132,1.04932,2.14273,0.87277,1.12463,0.000668375,0.000668375,0.000668375
96,309.502,0.6358,0.97519,0.43303,0.87812,0.75639,0.71023,0.72855,0.56086,0.75639,0.71023,0.72287,0.52712,1.03944,1.98164,0.82255,1.13461,0.000662188,0.000662188,0.000662188
97,312.552,0.60734,0.93392,0.41476,0.8623,0.80354,0.75491,0.76172,0.56563,0.80508,0.75676,0.75203,0.49236,1.01253,2.15559,0.86013,1.14611,0.000656,0.000656,0.000656
98,315.585,0.60246,0.92859,0.40499,0.86712,0.75555,0.75815,0.73539,0.54075,0.82345,0.80951,0.80076,0.51521,1.04185,2.06268,0.88826,1.14794,0.000649813,0.000649813,0.000649813
99,318.751,0.603,0.9185,0.40287,0.86612,0.57693,0.79122,0.69551,0.52999,0.61747,0.79122,0.71433,0.46905,1.03889,2.15199,0.93579,1.16508,0.000643625,0.000643625,0.000643625
100,321.89,0.62771,0.94576,0.42435,0.87825,0.655,0.77653,0.71093,0.52565,0.58681,0.79678,0.70293,0.48016,1.04073,2.27257,0.89811,1.12291,0.000637437,0.000637437,0.000637437
101,324.971,0.6118,0.926,0.41922,0.87077,0.66639,0.75282,0.7112,0.52767,0.66958,0.75652,0.72108,0.48368,1.05164,2.19767,0.87726,1.11725,0.00063125,0.00063125,0.00063125
102,328.035,0.56679,0.88659,0.38523,0.85615,0.66362,0.75813,0.7208,0.55503,0.66678,0.76184,0.72129,0.47928,1.03331,2.25455,0.9371,1.117,0.000625062,0.000625062,0.000625062
103,331.116,0.59119,0.90924,0.39383,0.85587,0.71696,0.80241,0.7472,0.54746,0.74209,0.80097,0.76303,0.48564,1.04659,2.20375,0.88021,1.10961,0.000618875,0.000618875,0.000618875
104,334.208,0.57243,0.89228,0.39074,0.85716,0.71419,0.72552,0.73622,0.55337,0.75435,0.77552,0.76721,0.49698,1.03029,2.01505,0.85271,1.09995,0.000612687,0.000612687,0.000612687
105,337.383,0.55304,0.83201,0.37464,0.84376,0.64452,0.83937,0.73484,0.57412,0.75564,0.77899,0.7713,0.50236,0.98185,1.9609,0.87187,1.07703,0.0006065,0.0006065,0.0006065
106,340.457,0.57553,0.87006,0.39076,0.86081,0.77098,0.78213,0.75293,0.56372,0.77282,0.78398,0.75383,0.52206,1.00307,2.03425,0.89202,1.09078,0.000600313,0.000600313,0.000600313
107,343.505,0.56629,0.8774,0.38557,0.84771,0.8209,0.76172,0.78294,0.58739,0.8209,0.76172,0.78264,0.52364,0.99986,2.02106,0.92693,1.09702,0.000594125,0.000594125,0.000594125
108,346.609,0.57247,0.91018,0.38607,0.85978,0.68916,0.74594,0.72412,0.55078,0.69111,0.74779,0.72486,0.50502,1.02698,2.07929,0.98125,1.11925,0.000587938,0.000587938,0.000587938
109,349.697,0.59511,0.92182,0.40051,0.86222,0.70125,0.75679,0.76028,0.55848,0.70326,0.75864,0.76353,0.51681,1.04123,2.13953,0.90197,1.1436,0.00058175,0.00058175,0.00058175
110,352.875,0.55152,0.87198,0.38414,0.85875,0.84453,0.77993,0.78888,0.58138,0.84453,0.77993,0.78941,0.5452,1.05492,2.10847,0.85502,1.12735,0.000575563,0.000575563,0.000575563
111,355.957,0.54726,0.8475,0.36782,0.84475,0.86068,0.76042,0.78944,0.58356,0.86211,0.75886,0.79091,0.55734,0.97697,2.07384,0.8951,1.08814,0.000569375,0.000569375,0.000569375
112,359.018,0.54333,0.83662,0.36696,0.85489,0.83357,0.754,0.783,0.57146,0.83862,0.75749,0.78617,0.54579,0.97249,2.05693,1.00864,1.08165,0.000563187,0.000563187,0.000563187
113,362.036,0.5216,0.81546,0.36076,0.85107,0.90918,0.67685,0.79134,0.58574,0.91229,0.67864,0.79313,0.54865,0.99017,2.05517,1.00468,1.09978,0.000557,0.000557,0.000557
114,365.134,0.54183,0.86985,0.3673,0.84993,0.68107,0.76369,0.72321,0.56209,0.91354,0.70515,0.79609,0.52787,1.00711,2.22536,0.94778,1.10851,0.000550813,0.000550813,0.000550813
115,368.267,0.53545,0.82001,0.35786,0.841,0.68136,0.82544,0.72898,0.55158,0.68136,0.82544,0.73185,0.50512,1.01159,2.32485,0.9164,1.09678,0.000544625,0.000544625,0.000544625
116,371.352,0.55684,0.87848,0.37272,0.86072,0.69144,0.81033,0.75842,0.57616,0.69393,0.81189,0.76094,0.4953,1.0266,2.41473,0.91237,1.10013,0.000538438,0.000538438,0.000538438
117,374.366,0.54743,0.87492,0.37403,0.85507,0.69166,0.82223,0.74078,0.55899,0.69325,0.82409,0.74114,0.50745,1.04905,2.42751,0.88519,1.12423,0.00053225,0.00053225,0.00053225
118,377.444,0.51437,0.8089,0.34566,0.84397,0.71951,0.79187,0.74411,0.56696,0.71674,0.78817,0.73992,0.53284,1.02392,2.38729,0.89001,1.10569,0.000526063,0.000526063,0.000526063
119,380.561,0.51949,0.8096,0.35884,0.84583,0.79121,0.77053,0.76786,0.57841,0.7459,0.71879,0.73237,0.52068,0.98826,2.26554,0.88673,1.10566,0.000519875,0.000519875,0.000519875
120,383.675,0.52567,0.81804,0.35161,0.85093,0.77562,0.69332,0.72034,0.5525,0.77562,0.69332,0.7204,0.50936,0.99151,2.1489,0.84999,1.10554,0.000513688,0.000513688,0.000513688
121,386.699,0.52196,0.81628,0.34639,0.84292,0.74898,0.70108,0.73331,0.55091,0.74754,0.69887,0.73168,0.50464,1.01751,2.29542,0.84755,1.1028,0.0005075,0.0005075,0.0005075
122,389.726,0.53633,0.85392,0.35466,0.84769,0.65418,0.82174,0.7257,0.5552,0.65269,0.81989,0.72373,0.50064,0.99662,2.25499,0.85765,1.10158,0.000501313,0.000501313,0.000501313
123,392.782,0.52205,0.81319,0.33883,0.83694,0.72988,0.74998,0.73963,0.57517,0.72807,0.74813,0.73425,0.50916,1.03328,2.42333,0.88355,1.12617,0.000495125,0.000495125,0.000495125
124,395.943,0.53731,0.82841,0.34373,0.84209,0.7415,0.75684,0.73838,0.57037,0.74323,0.75869,0.73849,0.5269,1.01603,2.41555,0.83232,1.12718,0.000488938,0.000488938,0.000488938
125,399.021,0.52831,0.83495,0.34906,0.84149,0.72085,0.76184,0.73622,0.57596,0.72618,0.76739,0.73004,0.52686,0.95906,2.2122,0.80945,1.09979,0.00048275,0.00048275,0.00048275
126,402.052,0.51842,0.81048,0.34169,0.84427,0.75639,0.79726,0.75967,0.57969,0.75998,0.80097,0.7613,0.50727,0.97926,2.30119,0.81719,1.08897,0.000476562,0.000476562,0.000476562
127,405.075,0.50461,0.8052,0.33773,0.83874,0.77207,0.81741,0.81522,0.61409,0.77207,0.81741,0.81372,0.55076,1.00433,2.20888,0.83813,1.1093,0.000470375,0.000470375,0.000470375
128,408.327,0.5127,0.79534,0.33752,0.83818,0.79006,0.7539,0.79077,0.60453,0.85002,0.80948,0.8108,0.52011,0.98649,2.17808,0.8065,1.10635,0.000464188,0.000464188,0.000464188
129,411.419,0.51501,0.81768,0.3404,0.84394,0.71709,0.83639,0.76075,0.57669,0.84069,0.7963,0.8276,0.52017,1.012,2.28536,0.83655,1.11799,0.000458,0.000458,0.000458
130,414.459,0.4953,0.7571,0.32978,0.8354,0.82099,0.81184,0.8112,0.58748,0.82445,0.81554,0.81317,0.52067,0.99236,2.20482,0.84017,1.101,0.000451813,0.000451813,0.000451813
131,417.46,0.49733,0.77844,0.32481,0.83423,0.82202,0.81879,0.82331,0.60003,0.82202,0.81879,0.82378,0.52933,1.03367,2.26897,0.84461,1.10973,0.000445625,0.000445625,0.000445625
132,420.502,0.47933,0.77459,0.32728,0.83599,0.82161,0.82686,0.8227,0.60137,0.82161,0.82686,0.8228,0.52173,1.03668,2.28579,0.8595,1.1154,0.000439437,0.000439437,0.000439437
133,423.606,0.49728,0.79367,0.32526,0.83577,0.76639,0.8113,0.76074,0.58092,0.76809,0.81315,0.78772,0.52254,1.02932,2.26447,0.83764,1.12413,0.00043325,0.00043325,0.00043325
134,426.675,0.49418,0.8019,0.33187,0.83829,0.75887,0.81739,0.79495,0.59212,0.76081,0.81924,0.79771,0.53053,1.02051,2.22575,0.85783,1.11961,0.000427062,0.000427062,0.000427062
135,429.755,0.47688,0.76968,0.32665,0.82977,0.71603,0.82975,0.81293,0.60202,0.71917,0.8321,0.81609,0.54226,0.99185,2.21748,0.85485,1.1136,0.000420875,0.000420875,0.000420875
136,432.839,0.47816,0.78838,0.31715,0.8316,0.88083,0.77981,0.83072,0.59496,0.88271,0.78166,0.83279,0.53452,1.00651,2.24858,0.85555,1.11273,0.000414688,0.000414688,0.000414688
137,435.86,0.49616,0.78924,0.318,0.83222,0.88779,0.76272,0.82738,0.59363,0.88779,0.76272,0.82688,0.54274,0.96687,2.19617,0.87744,1.10337,0.0004085,0.0004085,0.0004085
138,438.9,0.50865,0.81588,0.33526,0.83873,0.85047,0.76626,0.81217,0.57184,0.85047,0.76626,0.81069,0.5471,1.01206,2.34217,0.87253,1.1232,0.000402312,0.000402312,0.000402312
139,442.141,0.5241,0.81882,0.34285,0.83893,0.83546,0.76263,0.80759,0.58233,0.83367,0.76078,0.80648,0.54814,1.01508,2.29034,0.88829,1.12367,0.000396125,0.000396125,0.000396125
140,445.235,0.49958,0.79624,0.33354,0.84145,0.80596,0.79171,0.77726,0.57822,0.83099,0.78986,0.82991,0.54127,1.00563,2.21965,0.85914,1.11553,0.000389938,0.000389938,0.000389938
141,448.263,0.48812,0.76579,0.32508,0.82945,0.74878,0.82479,0.7573,0.57399,0.84299,0.80167,0.82168,0.53271,1.03024,2.19452,0.86125,1.12144,0.00038375,0.00038375,0.00038375
142,451.34,0.48142,0.75845,0.32039,0.8329,0.81032,0.75443,0.76744,0.56661,0.88765,0.80443,0.83457,0.53507,0.98248,2.08673,0.85036,1.09188,0.000377563,0.000377563,0.000377563
143,454.352,0.46257,0.7328,0.30751,0.82336,0.74268,0.79227,0.77188,0.56582,0.74268,0.79227,0.77154,0.5158,1.02607,2.10978,0.88051,1.11172,0.000371375,0.000371375,0.000371375
144,457.538,0.48723,0.77642,0.32634,0.84323,0.80801,0.77363,0.78205,0.58247,0.80801,0.77363,0.78266,0.53277,0.99041,2.1225,0.8964,1.10263,0.000365188,0.000365188,0.000365188
145,460.637,0.45956,0.72974,0.30455,0.82435,0.77931,0.75985,0.74629,0.55964,0.78121,0.7617,0.74902,0.51236,0.99189,2.23901,0.94689,1.08265,0.000359,0.000359,0.000359
146,463.731,0.4862,0.78115,0.31633,0.83603,0.80801,0.76254,0.76619,0.57599,0.80998,0.76439,0.76874,0.5126,0.9576,2.14768,0.95897,1.08121,0.000352812,0.000352812,0.000352812
147,466.789,0.46877,0.73978,0.30529,0.82331,0.78665,0.77676,0.76641,0.56586,0.78869,0.77861,0.76862,0.51038,1.01143,2.17784,0.95103,1.08362,0.000346625,0.000346625,0.000346625
148,469.905,0.46137,0.71755,0.30502,0.81592,0.71125,0.79135,0.78083,0.58071,0.71331,0.7932,0.7818,0.54955,0.96305,2.05332,0.93291,1.06841,0.000340438,0.000340438,0.000340438
149,473.027,0.4498,0.72198,0.30252,0.82633,0.91113,0.72665,0.81107,0.58398,0.91113,0.72665,0.81202,0.55601,1.00511,2.1074,0.91583,1.0871,0.00033425,0.00033425,0.00033425
150,476.094,0.44567,0.709,0.3005,0.82777,0.94017,0.77996,0.83379,0.59776,0.94253,0.78181,0.83594,0.52534,0.98939,2.14992,0.88705,1.08097,0.000328063,0.000328063,0.000328063
151,479.121,0.45025,0.71879,0.30132,0.82192,0.88276,0.76911,0.83594,0.60588,0.88493,0.77096,0.83727,0.53518,0.96728,2.13576,0.85507,1.07562,0.000321875,0.000321875,0.000321875
152,482.201,0.4436,0.71669,0.29345,0.82447,0.81741,0.75407,0.79494,0.5968,0.81741,0.75407,0.79408,0.55915,1.00011,2.14517,0.86326,1.08881,0.000315687,0.000315687,0.000315687
153,485.247,0.44406,0.71602,0.29676,0.82396,0.90076,0.79271,0.83845,0.61003,0.90076,0.79271,0.8374,0.56007,0.97326,2.16164,0.86059,1.07963,0.0003095,0.0003095,0.0003095
154,488.61,0.46724,0.73409,0.30457,0.82881,0.75276,0.75663,0.74775,0.57503,0.75276,0.75663,0.74844,0.53539,0.99239,2.17086,0.84742,1.08667,0.000303313,0.000303313,0.000303313
155,491.686,0.44856,0.71642,0.29324,0.82211,0.75951,0.80212,0.77462,0.584,0.76143,0.80398,0.77576,0.54771,0.97484,2.10017,0.8461,1.08934,0.000297125,0.000297125,0.000297125
156,494.803,0.43513,0.69939,0.28948,0.82576,0.76175,0.813,0.80003,0.59109,0.76175,0.813,0.80073,0.54521,0.99764,2.20441,0.80677,1.10032,0.000290937,0.000290937,0.000290937
157,497.816,0.44609,0.70887,0.29583,0.81436,0.7634,0.81919,0.78043,0.59635,0.83147,0.81321,0.81423,0.54167,0.99372,2.1979,0.80564,1.10267,0.00028475,0.00028475,0.00028475
158,501.183,0.47349,0.76138,0.31641,0.83301,0.76414,0.82216,0.78222,0.58787,0.81454,0.82571,0.81556,0.53443,0.99555,2.22174,0.82698,1.11154,0.000278562,0.000278562,0.000278562
159,504.344,0.4414,0.71861,0.29733,0.83399,0.76769,0.82279,0.78051,0.57091,0.76782,0.82193,0.78083,0.52391,1.01142,2.20581,0.83307,1.11892,0.000272375,0.000272375,0.000272375
160,507.418,0.43468,0.73006,0.29253,0.82113,0.7849,0.80321,0.78013,0.58302,0.78617,0.80304,0.77968,0.54394,1.00609,2.15022,0.83577,1.10743,0.000266187,0.000266187,0.000266187
161,510.509,0.46637,0.73263,0.31021,0.82364,0.90485,0.7363,0.81516,0.58518,0.74057,0.81827,0.7607,0.5344,0.98202,2.10781,0.85931,1.09967,0.00026,0.00026,0.00026
162,513.576,0.43686,0.71281,0.29237,0.82637,0.80706,0.79922,0.82478,0.60791,0.80706,0.79922,0.82428,0.55181,1.00681,2.15124,0.86686,1.11616,0.000253812,0.000253812,0.000253812
163,516.616,0.42346,0.68572,0.28266,0.81584,0.77832,0.80559,0.78508,0.5845,0.78028,0.80744,0.78541,0.55087,0.99347,2.15307,0.86083,1.10362,0.000247625,0.000247625,0.000247625
164,519.63,0.43725,0.69639,0.28691,0.82252,0.76309,0.81347,0.79854,0.5917,0.76309,0.81347,0.79872,0.55944,0.99772,2.12171,0.86356,1.10965,0.000241438,0.000241438,0.000241438
165,522.629,0.41572,0.70187,0.28511,0.82066,0.76861,0.80131,0.77621,0.57203,0.76861,0.80131,0.77458,0.54251,0.99573,2.1501,0.87409,1.10925,0.00023525,0.00023525,0.00023525
166,525.635,0.42118,0.72194,0.29164,0.81783,0.81685,0.79941,0.77408,0.57037,0.81499,0.79756,0.77287,0.53786,0.9962,2.17699,0.87265,1.11119,0.000229063,0.000229063,0.000229063
167,528.665,0.41161,0.65633,0.27019,0.81876,0.81727,0.80915,0.7769,0.57748,0.81543,0.8073,0.77597,0.54331,1.01045,2.18956,0.86342,1.11245,0.000222875,0.000222875,0.000222875
168,531.799,0.42776,0.69149,0.28703,0.8189,0.80645,0.82146,0.78978,0.60005,0.80463,0.81961,0.78867,0.54852,0.97716,2.25662,0.86296,1.09492,0.000216688,0.000216688,0.000216688
169,534.879,0.42257,0.68777,0.27818,0.81953,0.82147,0.80567,0.84654,0.62694,0.81951,0.80382,0.84552,0.54974,0.96918,2.27978,0.85578,1.07643,0.0002105,0.0002105,0.0002105
170,538.112,0.43273,0.6794,0.28406,0.81686,0.85142,0.80536,0.84858,0.62492,0.84942,0.80351,0.84741,0.56533,0.97075,2.21675,0.85528,1.07591,0.000204313,0.000204313,0.000204313
171,541.39,0.40231,0.65611,0.27069,0.80873,0.82366,0.79681,0.80985,0.60038,0.82104,0.79542,0.82103,0.55889,0.98897,2.25142,0.846,1.08565,0.000198125,0.000198125,0.000198125
172,544.476,0.41893,0.70171,0.282,0.81261,0.75862,0.82282,0.82371,0.60428,0.75862,0.82282,0.82179,0.56173,0.99443,2.20306,0.84106,1.08468,0.000191938,0.000191938,0.000191938
173,547.587,0.42537,0.70926,0.28603,0.81973,0.81161,0.76915,0.82302,0.61798,0.8085,0.76978,0.82204,0.56664,0.98741,2.24899,0.84348,1.08382,0.00018575,0.00018575,0.00018575
174,550.678,0.40318,0.67468,0.27631,0.81279,0.82,0.77158,0.82178,0.61934,0.82,0.77158,0.82184,0.57076,0.96452,2.20717,0.84521,1.08424,0.000179563,0.000179563,0.000179563
175,553.708,0.41059,0.66308,0.27722,0.81362,0.81036,0.77202,0.80937,0.62657,0.81036,0.77202,0.80807,0.55772,0.98995,2.27694,0.83643,1.09461,0.000173375,0.000173375,0.000173375
176,556.777,0.39214,0.65253,0.27002,0.8138,0.77362,0.79395,0.81978,0.62491,0.77171,0.7921,0.81832,0.57114,0.97544,2.28898,0.82259,1.09102,0.000167188,0.000167188,0.000167188
177,559.829,0.40232,0.68082,0.27206,0.81218,0.77128,0.79813,0.80501,0.6085,0.7694,0.79628,0.80362,0.56206,0.9818,2.35867,0.82809,1.09189,0.000161,0.000161,0.000161
178,562.962,0.38507,0.64715,0.26053,0.81688,0.84394,0.77754,0.81671,0.61088,0.84194,0.77569,0.81509,0.56278,0.97102,2.34686,0.82022,1.0915,0.000154812,0.000154812,0.000154812
179,566.135,0.4073,0.67254,0.27327,0.82644,0.85179,0.77274,0.80063,0.60033,0.85179,0.77274,0.80177,0.55226,0.9916,2.35437,0.83309,1.10267,0.000148625,0.000148625,0.000148625
180,569.257,0.3909,0.66119,0.26171,0.8184,0.81518,0.77343,0.78476,0.58168,0.81495,0.77453,0.78649,0.5458,1.00556,2.38866,0.85538,1.10764,0.000142437,0.000142437,0.000142437
181,572.287,0.39596,0.65778,0.26526,0.81624,0.81665,0.77528,0.7842,0.57941,0.81872,0.77713,0.78596,0.5356,0.99682,2.3398,0.83663,1.11212,0.00013625,0.00013625,0.00013625
182,575.301,0.39355,0.68988,0.27077,0.81396,0.81268,0.77541,0.78022,0.59027,0.81472,0.77726,0.78056,0.54247,0.99959,2.35787,0.84076,1.11231,0.000130062,0.000130062,0.000130062
183,578.396,0.39143,0.65072,0.26604,0.81528,0.80893,0.78107,0.79764,0.60121,0.81284,0.78477,0.7997,0.55544,0.98373,2.33982,0.84307,1.10579,0.000123875,0.000123875,0.000123875
184,581.512,0.38044,0.628,0.25675,0.80942,0.80854,0.78824,0.8011,0.60289,0.80665,0.78639,0.80008,0.55503,0.97851,2.29169,0.82918,1.10567,0.000117687,0.000117687,0.000117687
185,584.511,0.37738,0.63164,0.25793,0.81238,0.81856,0.78639,0.80341,0.6103,0.81656,0.78454,0.80149,0.55674,0.97738,2.26583,0.82108,1.10221,0.0001115,0.0001115,0.0001115
186,587.543,0.39183,0.6619,0.26426,0.82019,0.81224,0.78824,0.82114,0.61568,0.81224,0.78824,0.8196,0.5582,0.97251,2.26941,0.8223,1.09863,0.000105312,0.000105312,0.000105312
187,590.659,0.37703,0.63922,0.25714,0.8128,0.81342,0.79207,0.80487,0.61143,0.81153,0.79022,0.80313,0.55042,0.97655,2.30342,0.82866,1.09877,9.9125e-05,9.9125e-05,9.9125e-05
188,593.749,0.38137,0.62717,0.25811,0.81309,0.79985,0.79565,0.80028,0.59883,0.79985,0.79565,0.79995,0.53648,0.98809,2.35478,0.86354,1.10295,9.29375e-05,9.29375e-05,9.29375e-05
189,596.765,0.38846,0.66626,0.26786,0.80823,0.78462,0.79936,0.80205,0.60422,0.78294,0.7975,0.80015,0.53805,0.99531,2.35938,0.87136,1.10588,8.675e-05,8.675e-05,8.675e-05
190,599.782,0.3799,0.63288,0.25481,0.80888,0.77289,0.79949,0.8003,0.60107,0.77301,0.79943,0.7999,0.53967,1.00158,2.36642,0.8752,1.11115,8.05625e-05,8.05625e-05,8.05625e-05
191,605.439,0.46267,0.80417,0.33819,0.83133,0.77335,0.80121,0.78137,0.59078,0.77395,0.80121,0.77928,0.53815,0.96706,2.31504,0.87049,1.098,7.4375e-05,7.4375e-05,7.4375e-05
192,608.788,0.39538,0.68993,0.2685,0.81118,0.77584,0.7938,0.7801,0.59451,0.77584,0.7938,0.77836,0.54938,0.93856,2.26127,0.83528,1.10075,6.81875e-05,6.81875e-05,6.81875e-05
193,611.835,0.40898,0.70287,0.27019,0.80967,0.7802,0.78824,0.77633,0.5904,0.7802,0.78824,0.77451,0.55355,0.94458,2.24725,0.83446,1.10588,6.2e-05,6.2e-05,6.2e-05
194,614.829,0.39091,0.68074,0.26112,0.80879,0.80845,0.79111,0.77585,0.59242,0.80845,0.79111,0.7748,0.55548,0.9355,2.20974,0.85855,1.09717,5.58125e-05,5.58125e-05,5.58125e-05
195,617.847,0.40039,0.71194,0.27731,0.80766,0.80889,0.78936,0.77415,0.58903,0.80889,0.78936,0.77293,0.55669,0.92912,2.20615,0.86952,1.08921,4.9625e-05,4.9625e-05,4.9625e-05
196,620.858,0.36366,0.6296,0.24434,0.80225,0.7887,0.78106,0.7817,0.60056,0.79037,0.78415,0.78049,0.56359,0.93064,2.20621,0.85159,1.09091,4.34375e-05,4.34375e-05,4.34375e-05
197,623.944,0.36869,0.66961,0.24798,0.79849,0.79233,0.79276,0.78253,0.60252,0.79102,0.79387,0.78119,0.56421,0.93178,2.19565,0.8485,1.09356,3.725e-05,3.725e-05,3.725e-05
198,627.053,0.37234,0.64676,0.25741,0.80608,0.7891,0.78919,0.7827,0.59969,0.78757,0.78859,0.78081,0.56284,0.93486,2.19384,0.85356,1.09468,3.10625e-05,3.10625e-05,3.10625e-05
199,630.088,0.35191,0.63261,0.23692,0.802,0.79152,0.78889,0.78326,0.59702,0.78953,0.78743,0.7813,0.56264,0.93495,2.19989,0.86341,1.09418,2.4875e-05,2.4875e-05,2.4875e-05
200,633.135,0.34397,0.60597,0.23265,0.79964,0.80502,0.80471,0.78462,0.5903,0.80319,0.80285,0.78285,0.55439,0.93414,2.20809,0.86503,1.09076,1.86875e-05,1.86875e-05,1.86875e-05
